time,in_temp
2021-02-04 10:33:00+00:00,
2021-02-04 10:34:00+00:00,13.8
2021-02-04 10:35:00+00:00,14.2
2021-02-04 10:36:00+00:00,14.8
2021-02-04 10:37:00+00:00,15.3
2021-02-04 10:38:00+00:00,15.8
2021-02-04 10:39:00+00:00,16.3
2021-02-04 10:40:00+00:00,16.7
2021-02-04 10:41:00+00:00,17.0
2021-02-04 10:42:00+00:00,17.3
2021-02-04 10:43:00+00:00,17.6
2021-02-04 10:44:00+00:00,17.8
2021-02-04 10:45:00+00:00,18.0
2021-02-04 10:46:00+00:00,18.2
2021-02-04 10:47:00+00:00,18.3
2021-02-04 10:48:00+00:00,18.5
2021-02-04 10:49:00+00:00,18.6
2021-02-04 10:50:00+00:00,18.8
2021-02-04 10:51:00+00:00,18.89
2021-02-04 10:52:00+00:00,19.0
2021-02-04 10:53:00+00:00,19.1
2021-02-04 10:54:00+00:00,19.1
2021-02-04 10:55:00+00:00,19.2
2021-02-04 10:56:00+00:00,19.3
2021-02-04 10:57:00+00:00,19.39
2021-02-04 10:58:00+00:00,19.39
2021-02-04 10:59:00+00:00,19.5
2021-02-04 11:00:00+00:00,19.5
2021-02-04 11:01:00+00:00,19.6
2021-02-04 11:02:00+00:00,19.6
2021-02-04 11:03:00+00:00,19.7
2021-02-04 11:04:00+00:00,19.7
2021-02-04 11:05:00+00:00,19.7
2021-02-04 11:06:00+00:00,19.7
2021-02-04 11:07:00+00:00,19.8
2021-02-04 11:08:00+00:00,19.8
2021-02-04 11:09:00+00:00,19.8
2021-02-04 11:10:00+00:00,19.89
2021-02-04 11:11:00+00:00,19.89
2021-02-04 11:12:00+00:00,19.89
2021-02-04 11:13:00+00:00,19.89
2021-02-04 11:15:00+00:00,20.0
2021-02-04 11:16:00+00:00,20.0
2021-02-04 11:17:00+00:00,20.0
2021-02-04 11:18:00+00:00,20.0
2021-02-04 11:19:00+00:00,20.0
2021-02-04 11:20:00+00:00,20.0
2021-02-04 11:21:00+00:00,20.0
2021-02-04 11:22:00+00:00,20.0
2021-02-04 11:23:00+00:00,20.0
2021-02-04 11:24:00+00:00,
2021-02-04 11:26:00+00:00,
2021-02-04 11:27:00+00:00,
2021-02-04 11:28:00+00:00,
2021-02-04 11:29:00+00:00,
2021-02-04 11:30:00+00:00,
2021-02-04 11:31:00+00:00,
2021-02-04 11:32:00+00:00,
2021-02-04 11:33:00+00:00,
2021-02-04 11:34:00+00:00,
2021-02-04 11:35:00+00:00,
2021-02-04 11:36:00+00:00,
2021-02-04 11:37:00+00:00,
2021-02-04 11:38:00+00:00,
2021-02-04 11:39:00+00:00,
2021-02-04 11:40:00+00:00,
2021-02-04 11:41:00+00:00,
2021-02-04 11:42:00+00:00,
2021-02-04 11:43:00+00:00,
2021-02-04 11:45:00+00:00,
2021-02-04 11:46:00+00:00,
2021-02-04 11:47:00+00:00,
2021-02-04 11:48:00+00:00,
2021-02-04 11:49:00+00:00,
2021-02-04 11:50:00+00:00,
2021-02-04 11:51:00+00:00,
2021-02-04 11:52:00+00:00,
2021-02-04 11:53:00+00:00,
2021-02-04 11:54:00+00:00,
2021-02-04 11:55:00+00:00,
2021-02-04 11:56:00+00:00,
2021-02-04 11:57:00+00:00,
2021-02-04 12:00:00+00:00,
2021-02-04 12:01:00+00:00,
2021-02-04 12:02:00+00:00,
2021-02-04 12:03:00+00:00,
2021-02-04 12:05:00+00:00,
2021-02-04 12:06:00+00:00,20.2
2021-02-04 12:08:00+00:00,20.2
2021-02-04 12:09:00+00:00,20.2
2021-02-04 12:10:00+00:00,20.2
2021-02-04 12:11:00+00:00,20.2
2021-02-04 12:14:00+00:00,20.2
2021-02-04 12:15:00+00:00,20.2
2021-02-04 12:16:00+00:00,20.2
2021-02-04 12:17:00+00:00,20.2
2021-02-04 12:19:00+00:00,20.2
2021-02-04 12:20:00+00:00,20.2
2021-02-04 12:21:00+00:00,
2021-02-04 12:22:00+00:00,
2021-02-04 12:23:00+00:00,20.2
2021-02-04 12:24:00+00:00,
2021-02-04 12:25:00+00:00,
2021-02-04 12:26:00+00:00,20.2
2021-02-04 12:27:00+00:00,20.2
2021-02-04 12:28:00+00:00,
2021-02-04 12:29:00+00:00,
2021-02-04 12:30:00+00:00,20.2
2021-02-04 12:31:00+00:00,20.2
2021-02-04 12:32:00+00:00,20.2
2021-02-04 12:33:00+00:00,20.2
2021-02-04 12:34:00+00:00,20.2
2021-02-04 12:35:00+00:00,20.2
2021-02-04 12:36:00+00:00,20.2
2021-02-04 12:37:00+00:00,20.2
2021-02-04 12:38:00+00:00,
2021-02-04 12:40:00+00:00,20.2
2021-02-04 12:41:00+00:00,20.2
2021-02-04 12:42:00+00:00,20.2
2021-02-04 12:43:00+00:00,20.2
2021-02-04 12:44:00+00:00,20.2
2021-02-04 12:45:00+00:00,20.2
2021-02-04 12:46:00+00:00,20.2
2021-02-04 12:47:00+00:00,20.2
2021-02-04 12:48:00+00:00,20.2
2021-02-04 12:49:00+00:00,20.2
2021-02-04 12:50:00+00:00,20.2
2021-02-04 12:51:00+00:00,20.2
2021-02-04 12:52:00+00:00,20.2
2021-02-04 12:53:00+00:00,20.2
2021-02-04 12:54:00+00:00,20.2
2021-02-04 12:55:00+00:00,20.2
2021-02-04 12:56:00+00:00,20.2
2021-02-04 12:57:00+00:00,20.2
2021-02-04 12:58:00+00:00,20.2
2021-02-04 12:59:00+00:00,20.2
2021-02-04 13:01:00+00:00,
2021-02-04 13:02:00+00:00,
2021-02-04 13:03:00+00:00,
2021-02-04 13:04:00+00:00,
2021-02-04 13:05:00+00:00,
2021-02-04 13:07:00+00:00,
2021-02-04 13:09:00+00:00,
2021-02-04 13:10:00+00:00,
2021-02-04 13:11:00+00:00,
2021-02-04 13:12:00+00:00,
2021-02-04 13:13:00+00:00,
2021-02-04 13:14:00+00:00,
2021-02-04 13:15:00+00:00,
2021-02-04 13:16:00+00:00,
2021-02-04 13:17:00+00:00,20.0
2021-02-04 13:18:00+00:00,20.0
2021-02-04 13:19:00+00:00,20.0
2021-02-04 13:20:00+00:00,
2021-02-04 13:21:00+00:00,20.0
2021-02-04 13:22:00+00:00,20.0
2021-02-04 13:24:00+00:00,20.0
2021-02-04 13:25:00+00:00,20.0
2021-02-04 13:26:00+00:00,20.0
2021-02-04 13:27:00+00:00,20.0
2021-02-04 13:28:00+00:00,20.0
2021-02-04 13:29:00+00:00,20.0
2021-02-04 13:30:00+00:00,20.0
2021-02-04 13:31:00+00:00,20.0
2021-02-04 13:32:00+00:00,20.0
2021-02-04 13:33:00+00:00,20.0
2021-02-04 13:35:00+00:00,20.0
2021-02-04 13:37:00+00:00,20.0
2021-02-04 13:38:00+00:00,20.0
2021-02-04 13:39:00+00:00,20.0
2021-02-04 13:40:00+00:00,20.0
2021-02-04 13:41:00+00:00,20.0
2021-02-04 13:42:00+00:00,20.0
2021-02-04 13:43:00+00:00,20.0
2021-02-04 13:44:00+00:00,20.0
2021-02-04 13:45:00+00:00,20.0
2021-02-04 13:46:00+00:00,20.0
2021-02-04 13:49:00+00:00,20.0
2021-02-04 13:50:00+00:00,20.0
2021-02-04 13:51:00+00:00,20.0
2021-02-04 13:52:00+00:00,20.0
2021-02-04 13:53:00+00:00,20.0
2021-02-04 13:54:00+00:00,20.0
2021-02-04 13:55:00+00:00,20.0
2021-02-04 13:57:00+00:00,20.0
2021-02-04 13:58:00+00:00,20.0
2021-02-04 13:59:00+00:00,20.0
2021-02-04 14:00:00+00:00,20.0
2021-02-04 14:03:00+00:00,20.0
2021-02-04 14:04:00+00:00,20.0
2021-02-04 14:05:00+00:00,20.0
2021-02-04 14:06:00+00:00,20.0
2021-02-04 14:07:00+00:00,20.0
2021-02-04 14:09:00+00:00,20.0
2021-02-04 14:10:00+00:00,20.0
2021-02-04 14:11:00+00:00,20.0
2021-02-04 14:14:00+00:00,20.0
2021-02-04 14:15:00+00:00,20.0
2021-02-04 14:16:00+00:00,20.0
2021-02-04 14:17:00+00:00,20.0
2021-02-04 14:18:00+00:00,
2021-02-04 14:19:00+00:00,
2021-02-04 14:20:00+00:00,20.0
2021-02-04 14:21:00+00:00,
2021-02-04 14:23:00+00:00,
2021-02-04 14:25:00+00:00,
2021-02-04 14:27:00+00:00,
2021-02-04 14:28:00+00:00,20.0
2021-02-04 14:30:00+00:00,
2021-02-04 14:31:00+00:00,
2021-02-04 14:32:00+00:00,
2021-02-04 14:33:00+00:00,
2021-02-04 14:34:00+00:00,
2021-02-04 14:35:00+00:00,
2021-02-04 14:36:00+00:00,
2021-02-04 14:37:00+00:00,
2021-02-04 14:39:00+00:00,
2021-02-04 14:40:00+00:00,
2021-02-04 14:41:00+00:00,
2021-02-04 14:42:00+00:00,
2021-02-04 14:43:00+00:00,
2021-02-04 14:44:00+00:00,
2021-02-04 14:45:00+00:00,
2021-02-04 14:46:00+00:00,
2021-02-04 14:48:00+00:00,
2021-02-04 14:51:00+00:00,
2021-02-04 14:53:00+00:00,
2021-02-04 14:54:00+00:00,
2021-02-04 14:55:00+00:00,
2021-02-04 14:56:00+00:00,
2021-02-04 14:57:00+00:00,
2021-02-04 14:58:00+00:00,
2021-02-04 14:59:00+00:00,
2021-02-04 15:00:00+00:00,
2021-02-04 15:01:00+00:00,
2021-02-04 15:04:00+00:00,
2021-02-04 15:05:00+00:00,
2021-02-04 15:07:00+00:00,
2021-02-04 15:10:00+00:00,
2021-02-04 15:11:00+00:00,
2021-02-04 15:13:00+00:00,
2021-02-04 15:14:00+00:00,
2021-02-04 15:16:00+00:00,
2021-02-04 15:19:00+00:00,
2021-02-04 15:20:00+00:00,
2021-02-04 15:22:00+00:00,
2021-02-04 15:25:00+00:00,
2021-02-04 15:26:00+00:00,
2021-02-04 15:27:00+00:00,
2021-02-04 15:28:00+00:00,
2021-02-04 15:29:00+00:00,
2021-02-04 15:32:00+00:00,
2021-02-04 15:34:00+00:00,
2021-02-04 15:36:00+00:00,
2021-02-04 15:37:00+00:00,
2021-02-04 15:38:00+00:00,
2021-02-04 15:39:00+00:00,
2021-02-04 15:40:00+00:00,
2021-02-04 15:41:00+00:00,
2021-02-04 15:43:00+00:00,
2021-02-04 15:44:00+00:00,
2021-02-04 15:49:00+00:00,
2021-02-04 15:51:00+00:00,
2021-02-04 15:52:00+00:00,
2021-02-04 15:56:00+00:00,
2021-02-04 15:58:00+00:00,20.2
2021-02-04 15:59:00+00:00,
2021-02-04 16:00:00+00:00,20.2
2021-02-04 16:01:00+00:00,20.2
2021-02-04 16:02:00+00:00,20.2
2021-02-04 16:03:00+00:00,20.2
2021-02-04 16:04:00+00:00,20.2
2021-02-04 16:05:00+00:00,20.2
2021-02-04 16:07:00+00:00,20.2
2021-02-04 16:08:00+00:00,20.2
2021-02-04 16:09:00+00:00,20.2
2021-02-04 16:10:00+00:00,20.2
2021-02-04 16:11:00+00:00,20.2
2021-02-04 16:12:00+00:00,20.2
2021-02-04 16:14:00+00:00,20.2
2021-02-04 16:15:00+00:00,20.2
2021-02-04 16:16:00+00:00,20.2
2021-02-04 16:17:00+00:00,20.2
2021-02-04 16:19:00+00:00,20.2
2021-02-04 16:21:00+00:00,20.2
2021-02-04 16:22:00+00:00,20.2
2021-02-04 16:23:00+00:00,20.2
2021-02-04 16:25:00+00:00,20.2
2021-02-04 16:26:00+00:00,20.2
2021-02-04 16:27:00+00:00,20.2
2021-02-04 16:29:00+00:00,20.2
2021-02-04 16:33:00+00:00,20.2
2021-02-04 16:34:00+00:00,20.2
2021-02-04 16:37:00+00:00,20.2
2021-02-04 16:38:00+00:00,20.2
2021-02-04 16:39:00+00:00,20.2
2021-02-04 16:40:00+00:00,20.2
2021-02-04 16:41:00+00:00,20.2
2021-02-04 16:42:00+00:00,20.2
2021-02-04 16:43:00+00:00,20.2
2021-02-04 16:44:00+00:00,20.2
2021-02-04 16:45:00+00:00,20.2
2021-02-04 16:46:00+00:00,20.2
2021-02-04 16:48:00+00:00,20.2
2021-02-04 16:49:00+00:00,20.2
2021-02-04 16:50:00+00:00,20.2
2021-02-04 16:59:00+00:00,20.2
2021-02-04 17:01:00+00:00,20.2
2021-02-04 17:02:00+00:00,20.2
2021-02-04 17:03:00+00:00,20.2
2021-02-04 17:04:00+00:00,20.2
2021-02-04 17:05:00+00:00,20.2
2021-02-04 17:06:00+00:00,20.2
2021-02-04 17:07:00+00:00,20.2
2021-02-04 17:08:00+00:00,20.2
2021-02-04 17:09:00+00:00,20.2
2021-02-04 17:10:00+00:00,20.2
2021-02-04 17:11:00+00:00,20.2
2021-02-04 17:12:00+00:00,20.2
2021-02-04 17:13:00+00:00,20.2
2021-02-04 17:14:00+00:00,20.2
2021-02-04 17:15:00+00:00,20.2
2021-02-04 17:17:00+00:00,20.2
2021-02-04 17:19:00+00:00,20.2
2021-02-04 17:20:00+00:00,20.2
2021-02-04 17:21:00+00:00,20.2
2021-02-04 17:23:00+00:00,20.2
2021-02-04 17:24:00+00:00,
2021-02-04 17:25:00+00:00,
2021-02-04 17:26:00+00:00,20.2
2021-02-04 17:27:00+00:00,
2021-02-04 17:28:00+00:00,
2021-02-04 17:29:00+00:00,
2021-02-04 17:30:00+00:00,
2021-02-04 17:31:00+00:00,
2021-02-04 17:32:00+00:00,
2021-02-04 17:33:00+00:00,
2021-02-04 17:34:00+00:00,
2021-02-04 17:35:00+00:00,
2021-02-04 17:36:00+00:00,
2021-02-04 17:37:00+00:00,
2021-02-04 17:38:00+00:00,
2021-02-04 17:39:00+00:00,
2021-02-04 17:41:00+00:00,
2021-02-04 17:42:00+00:00,
2021-02-04 17:44:00+00:00,20.0
2021-02-04 17:45:00+00:00,20.0
2021-02-04 17:46:00+00:00,20.0
2021-02-04 17:47:00+00:00,20.0
2021-02-04 17:48:00+00:00,20.0
2021-02-04 17:49:00+00:00,20.0
2021-02-04 17:50:00+00:00,20.0
2021-02-04 17:51:00+00:00,20.0
2021-02-04 17:52:00+00:00,20.0
2021-02-04 17:53:00+00:00,20.0
2021-02-04 17:54:00+00:00,20.0
2021-02-04 17:55:00+00:00,20.0
2021-02-04 17:56:00+00:00,20.0
2021-02-04 17:57:00+00:00,20.0
2021-02-04 17:58:00+00:00,20.0
2021-02-04 17:59:00+00:00,20.0
2021-02-04 18:00:00+00:00,20.0
2021-02-04 18:01:00+00:00,20.0
2021-02-04 18:02:00+00:00,20.0
2021-02-04 18:03:00+00:00,19.89
2021-02-04 18:04:00+00:00,19.89
2021-02-04 18:06:00+00:00,20.0
2021-02-04 18:07:00+00:00,19.89
2021-02-04 18:08:00+00:00,19.89
2021-02-04 18:09:00+00:00,19.89
2021-02-04 18:10:00+00:00,19.89
2021-02-04 18:12:00+00:00,19.89
2021-02-04 18:13:00+00:00,
2021-02-04 18:14:00+00:00,19.89
2021-02-04 18:16:00+00:00,20.0
2021-02-04 18:17:00+00:00,19.89
2021-02-04 18:18:00+00:00,19.89
2021-02-04 18:19:00+00:00,19.89
2021-02-04 18:20:00+00:00,19.89
2021-02-04 18:21:00+00:00,19.89
2021-02-04 18:23:00+00:00,19.89
2021-02-04 18:24:00+00:00,19.89
2021-02-04 18:25:00+00:00,19.89
2021-02-04 18:26:00+00:00,19.89
2021-02-04 18:27:00+00:00,19.8
2021-02-04 18:28:00+00:00,19.8
2021-02-04 18:29:00+00:00,19.8
2021-02-04 18:30:00+00:00,19.8
2021-02-04 18:31:00+00:00,19.8
2021-02-04 18:32:00+00:00,19.8
2021-02-04 18:33:00+00:00,19.8
2021-02-04 18:34:00+00:00,19.8
2021-02-04 18:35:00+00:00,19.8
2021-02-04 18:36:00+00:00,19.8
2021-02-04 18:37:00+00:00,19.8
2021-02-04 18:38:00+00:00,19.8
2021-02-04 18:39:00+00:00,19.8
2021-02-04 18:41:00+00:00,19.8
2021-02-04 18:43:00+00:00,19.8
2021-02-04 18:44:00+00:00,19.8
2021-02-04 18:45:00+00:00,19.7
2021-02-04 18:47:00+00:00,19.8
2021-02-04 18:48:00+00:00,19.8
2021-02-04 18:49:00+00:00,19.7
2021-02-04 18:50:00+00:00,19.7
2021-02-04 18:51:00+00:00,19.7
2021-02-04 18:52:00+00:00,19.8
2021-02-04 18:53:00+00:00,19.7
2021-02-04 18:54:00+00:00,19.7
2021-02-04 18:55:00+00:00,19.7
2021-02-04 18:56:00+00:00,19.7
2021-02-04 18:57:00+00:00,19.7
2021-02-04 18:58:00+00:00,19.7
2021-02-04 18:59:00+00:00,19.7
2021-02-04 19:00:00+00:00,19.7
2021-02-04 19:01:00+00:00,19.7
2021-02-04 19:03:00+00:00,19.7
2021-02-04 19:04:00+00:00,19.6
2021-02-04 19:05:00+00:00,19.7
2021-02-04 19:06:00+00:00,19.6
2021-02-04 19:07:00+00:00,19.6
2021-02-04 19:08:00+00:00,19.6
2021-02-04 19:09:00+00:00,19.6
2021-02-04 19:10:00+00:00,19.6
2021-02-04 19:11:00+00:00,19.6
2021-02-04 19:12:00+00:00,19.6
2021-02-04 19:13:00+00:00,19.6
2021-02-04 19:14:00+00:00,19.6
2021-02-04 19:15:00+00:00,19.6
2021-02-04 19:17:00+00:00,19.6
2021-02-04 19:18:00+00:00,19.6
2021-02-04 19:19:00+00:00,19.6
2021-02-04 19:20:00+00:00,19.6
2021-02-04 19:22:00+00:00,19.6
2021-02-04 19:23:00+00:00,19.6
2021-02-04 19:24:00+00:00,19.6
2021-02-04 19:25:00+00:00,19.5
2021-02-04 19:26:00+00:00,19.5
2021-02-04 19:27:00+00:00,19.5
2021-02-04 19:28:00+00:00,19.5
2021-02-04 19:30:00+00:00,19.5
2021-02-04 19:31:00+00:00,19.5
2021-02-04 19:33:00+00:00,19.5
2021-02-04 19:35:00+00:00,19.5
2021-02-04 19:36:00+00:00,19.5
2021-02-04 19:37:00+00:00,19.5
2021-02-04 19:38:00+00:00,19.5
2021-02-04 19:39:00+00:00,19.5
2021-02-04 19:41:00+00:00,19.5
2021-02-04 19:42:00+00:00,19.5
2021-02-04 19:44:00+00:00,19.5
2021-02-04 19:46:00+00:00,19.5
2021-02-04 19:47:00+00:00,19.5
2021-02-04 19:48:00+00:00,19.5
2021-02-04 19:49:00+00:00,19.5
2021-02-04 19:50:00+00:00,19.39
2021-02-04 19:51:00+00:00,19.39
2021-02-04 19:52:00+00:00,19.39
2021-02-04 19:53:00+00:00,19.39
2021-02-04 19:54:00+00:00,19.39
2021-02-04 19:59:00+00:00,19.39
2021-02-04 20:00:00+00:00,19.39
2021-02-04 20:02:00+00:00,19.3
2021-02-04 20:03:00+00:00,19.3
2021-02-04 20:04:00+00:00,19.3
2021-02-04 20:05:00+00:00,19.3
2021-02-04 20:07:00+00:00,19.39
2021-02-04 20:08:00+00:00,19.39
2021-02-04 20:09:00+00:00,19.3
2021-02-04 20:10:00+00:00,19.39
2021-02-04 20:11:00+00:00,19.3
2021-02-04 20:13:00+00:00,19.3
2021-02-04 20:14:00+00:00,19.3
2021-02-04 20:16:00+00:00,19.3
2021-02-04 20:17:00+00:00,19.3
2021-02-04 20:18:00+00:00,19.3
2021-02-04 20:19:00+00:00,19.3
2021-02-04 20:20:00+00:00,19.3
2021-02-04 20:21:00+00:00,19.3
2021-02-04 20:23:00+00:00,19.3
2021-02-04 20:24:00+00:00,19.3
2021-02-04 20:25:00+00:00,19.2
2021-02-04 20:26:00+00:00,19.2
2021-02-04 20:27:00+00:00,19.2
2021-02-04 20:28:00+00:00,19.2
2021-02-04 20:30:00+00:00,19.2
2021-02-04 20:31:00+00:00,19.2
2021-02-04 20:32:00+00:00,19.2
2021-02-04 20:33:00+00:00,19.2
2021-02-04 20:34:00+00:00,19.2
2021-02-04 20:36:00+00:00,19.2
2021-02-04 20:38:00+00:00,19.2
2021-02-04 20:39:00+00:00,19.2
2021-02-04 20:40:00+00:00,19.2
2021-02-04 20:41:00+00:00,19.2
2021-02-04 20:42:00+00:00,19.2
2021-02-04 20:45:00+00:00,19.2
2021-02-04 20:46:00+00:00,19.1
2021-02-04 20:47:00+00:00,19.1
2021-02-04 20:48:00+00:00,19.1
2021-02-04 20:49:00+00:00,19.1
2021-02-04 20:50:00+00:00,19.1
2021-02-04 20:53:00+00:00,19.1
2021-02-04 20:54:00+00:00,19.1
2021-02-04 20:55:00+00:00,19.1
2021-02-04 20:56:00+00:00,19.1
2021-02-04 20:57:00+00:00,19.1
2021-02-04 20:58:00+00:00,19.1
2021-02-04 20:59:00+00:00,19.1
2021-02-04 21:00:00+00:00,19.1
2021-02-04 21:01:00+00:00,19.0
2021-02-04 21:02:00+00:00,19.0
2021-02-04 21:03:00+00:00,19.1
2021-02-04 21:04:00+00:00,19.1
2021-02-04 21:05:00+00:00,19.0
2021-02-04 21:06:00+00:00,19.0
2021-02-04 21:07:00+00:00,19.0
2021-02-04 21:08:00+00:00,19.0
2021-02-04 21:09:00+00:00,19.0
2021-02-04 21:10:00+00:00,19.0
2021-02-04 21:11:00+00:00,19.0
2021-02-04 21:12:00+00:00,19.0
2021-02-04 21:13:00+00:00,19.0
2021-02-04 21:14:00+00:00,19.0
2021-02-04 21:16:00+00:00,19.0
2021-02-04 21:18:00+00:00,19.0
2021-02-04 21:19:00+00:00,19.0
2021-02-04 21:20:00+00:00,19.0
2021-02-04 21:21:00+00:00,18.89
2021-02-04 21:22:00+00:00,18.89
2021-02-04 21:23:00+00:00,18.89
2021-02-04 21:24:00+00:00,18.89
2021-02-04 21:26:00+00:00,18.89
2021-02-04 21:27:00+00:00,18.89
2021-02-04 21:28:00+00:00,18.89
2021-02-04 21:29:00+00:00,18.89
2021-02-04 21:30:00+00:00,18.89
2021-02-04 21:31:00+00:00,18.89
2021-02-04 21:32:00+00:00,18.89
2021-02-04 21:34:00+00:00,18.89
2021-02-04 21:35:00+00:00,18.89
2021-02-04 21:36:00+00:00,18.89
2021-02-04 21:37:00+00:00,18.89
2021-02-04 21:38:00+00:00,18.8
2021-02-04 21:39:00+00:00,18.8
2021-02-04 21:40:00+00:00,18.8
2021-02-04 21:41:00+00:00,18.8
2021-02-04 21:42:00+00:00,18.8
2021-02-04 21:43:00+00:00,18.8
2021-02-04 21:46:00+00:00,18.8
2021-02-04 21:48:00+00:00,18.8
2021-02-04 21:49:00+00:00,18.8
2021-02-04 21:50:00+00:00,18.8
2021-02-04 21:52:00+00:00,18.8
2021-02-04 21:53:00+00:00,18.8
2021-02-04 21:54:00+00:00,18.8
2021-02-04 21:55:00+00:00,18.8
2021-02-04 21:56:00+00:00,18.8
2021-02-04 21:57:00+00:00,18.8
2021-02-04 21:59:00+00:00,18.7
2021-02-04 22:00:00+00:00,18.7
2021-02-04 22:01:00+00:00,18.7
2021-02-04 22:02:00+00:00,18.7
2021-02-04 22:03:00+00:00,18.7
2021-02-04 22:04:00+00:00,18.7
2021-02-04 22:05:00+00:00,18.7
2021-02-04 22:06:00+00:00,18.7
2021-02-04 22:07:00+00:00,18.7
2021-02-04 22:08:00+00:00,18.7
2021-02-04 22:10:00+00:00,18.7
2021-02-04 22:11:00+00:00,18.7
2021-02-04 22:12:00+00:00,18.7
2021-02-04 22:13:00+00:00,18.7
2021-02-04 22:14:00+00:00,18.7
2021-02-04 22:16:00+00:00,18.6
2021-02-04 22:17:00+00:00,18.7
2021-02-04 22:18:00+00:00,18.6
2021-02-04 22:19:00+00:00,18.6
2021-02-04 22:20:00+00:00,18.6
2021-02-04 22:21:00+00:00,18.6
2021-02-04 22:22:00+00:00,18.6
2021-02-04 22:25:00+00:00,18.6
2021-02-04 22:26:00+00:00,18.6
2021-02-04 22:29:00+00:00,18.6
2021-02-04 22:30:00+00:00,18.6
2021-02-04 22:31:00+00:00,18.6
2021-02-04 22:32:00+00:00,18.6
2021-02-04 22:33:00+00:00,18.6
2021-02-04 22:34:00+00:00,18.6
2021-02-04 22:37:00+00:00,18.6
2021-02-04 22:39:00+00:00,18.6
2021-02-04 22:42:00+00:00,18.5
2021-02-04 22:43:00+00:00,18.5
2021-02-04 22:44:00+00:00,18.5
2021-02-04 22:45:00+00:00,18.5
2021-02-04 22:46:00+00:00,18.5
2021-02-04 22:47:00+00:00,18.5
2021-02-04 22:49:00+00:00,18.5
2021-02-04 22:53:00+00:00,18.5
2021-02-04 22:54:00+00:00,18.5
2021-02-04 22:55:00+00:00,18.5
2021-02-04 22:56:00+00:00,18.5
2021-02-04 22:57:00+00:00,18.5
2021-02-04 22:58:00+00:00,18.5
2021-02-04 23:00:00+00:00,18.5
2021-02-04 23:01:00+00:00,18.39
2021-02-04 23:02:00+00:00,18.39
2021-02-04 23:03:00+00:00,18.39
2021-02-04 23:04:00+00:00,18.39
2021-02-04 23:05:00+00:00,18.39
2021-02-04 23:06:00+00:00,18.39
2021-02-04 23:07:00+00:00,18.39
2021-02-04 23:08:00+00:00,18.39
2021-02-04 23:09:00+00:00,18.39
2021-02-04 23:10:00+00:00,18.39
2021-02-04 23:11:00+00:00,18.39
2021-02-04 23:13:00+00:00,18.39
2021-02-04 23:14:00+00:00,18.39
2021-02-04 23:15:00+00:00,18.39
2021-02-04 23:16:00+00:00,18.39
2021-02-04 23:17:00+00:00,18.39
2021-02-04 23:18:00+00:00,18.39
2021-02-04 23:19:00+00:00,18.39
2021-02-04 23:21:00+00:00,18.39
2021-02-04 23:22:00+00:00,18.39
2021-02-04 23:23:00+00:00,18.3
2021-02-04 23:24:00+00:00,18.3
2021-02-04 23:25:00+00:00,18.3
2021-02-04 23:26:00+00:00,18.3
2021-02-04 23:27:00+00:00,18.3
2021-02-04 23:28:00+00:00,18.3
2021-02-04 23:29:00+00:00,18.3
2021-02-04 23:30:00+00:00,18.3
2021-02-04 23:31:00+00:00,18.3
2021-02-04 23:32:00+00:00,18.3
2021-02-04 23:33:00+00:00,18.3
2021-02-04 23:35:00+00:00,18.3
2021-02-04 23:36:00+00:00,18.3
2021-02-04 23:37:00+00:00,18.3
2021-02-04 23:39:00+00:00,18.2
2021-02-04 23:40:00+00:00,18.2
2021-02-04 23:41:00+00:00,18.2
2021-02-04 23:42:00+00:00,18.2
2021-02-04 23:44:00+00:00,18.3
2021-02-04 23:45:00+00:00,18.3
2021-02-04 23:47:00+00:00,18.2
2021-02-04 23:48:00+00:00,18.3
2021-02-04 23:49:00+00:00,18.3
2021-02-04 23:50:00+00:00,18.2
2021-02-04 23:51:00+00:00,18.2
2021-02-04 23:52:00+00:00,18.2
2021-02-04 23:53:00+00:00,18.2
2021-02-04 23:54:00+00:00,18.2
2021-02-04 23:55:00+00:00,18.2
2021-02-04 23:57:00+00:00,18.2
2021-02-04 23:58:00+00:00,18.2
2021-02-04 23:59:00+00:00,18.2
2021-02-05 00:00:00+00:00,18.2
2021-02-05 00:01:00+00:00,18.2
2021-02-05 00:02:00+00:00,18.2
2021-02-05 00:03:00+00:00,18.2
2021-02-05 00:05:00+00:00,18.2
2021-02-05 00:06:00+00:00,18.2
2021-02-05 00:07:00+00:00,18.2
2021-02-05 00:09:00+00:00,18.2
2021-02-05 00:12:00+00:00,18.2
2021-02-05 00:13:00+00:00,18.2
2021-02-05 00:14:00+00:00,18.2
2021-02-05 00:15:00+00:00,18.2
2021-02-05 00:17:00+00:00,18.2
2021-02-05 00:18:00+00:00,18.2
2021-02-05 00:19:00+00:00,18.1
2021-02-05 00:20:00+00:00,18.1
2021-02-05 00:21:00+00:00,18.1
2021-02-05 00:22:00+00:00,18.1
2021-02-05 00:23:00+00:00,18.1
2021-02-05 00:25:00+00:00,18.1
2021-02-05 00:27:00+00:00,18.2
2021-02-05 00:28:00+00:00,18.2
2021-02-05 00:29:00+00:00,18.1
2021-02-05 00:30:00+00:00,18.1
2021-02-05 00:31:00+00:00,18.1
2021-02-05 00:35:00+00:00,18.2
2021-02-05 00:36:00+00:00,18.1
2021-02-05 00:37:00+00:00,18.1
2021-02-05 00:38:00+00:00,18.1
2021-02-05 00:39:00+00:00,18.1
2021-02-05 00:41:00+00:00,18.1
2021-02-05 00:44:00+00:00,18.1
2021-02-05 00:45:00+00:00,18.1
2021-02-05 00:46:00+00:00,18.1
2021-02-05 00:49:00+00:00,18.1
2021-02-05 00:50:00+00:00,18.2
2021-02-05 00:51:00+00:00,18.1
2021-02-05 00:52:00+00:00,18.2
2021-02-05 00:55:00+00:00,18.1
2021-02-05 01:00:00+00:00,18.2
2021-02-05 01:02:00+00:00,18.2
2021-02-05 01:03:00+00:00,18.2
2021-02-05 01:04:00+00:00,18.1
2021-02-05 01:05:00+00:00,18.1
2021-02-05 01:07:00+00:00,18.1
2021-02-05 01:08:00+00:00,18.1
2021-02-05 01:11:00+00:00,18.1
2021-02-05 01:12:00+00:00,18.2
2021-02-05 01:13:00+00:00,18.2
2021-02-05 01:14:00+00:00,18.2
2021-02-05 01:15:00+00:00,18.2
2021-02-05 01:17:00+00:00,18.1
2021-02-05 01:18:00+00:00,18.1
2021-02-05 01:19:00+00:00,18.1
2021-02-05 01:20:00+00:00,18.1
2021-02-05 01:21:00+00:00,18.1
2021-02-05 01:26:00+00:00,18.1
2021-02-05 01:28:00+00:00,18.1
2021-02-05 01:29:00+00:00,18.1
2021-02-05 01:33:00+00:00,18.1
2021-02-05 01:34:00+00:00,18.1
2021-02-05 01:37:00+00:00,18.1
2021-02-05 01:40:00+00:00,18.2
2021-02-05 01:42:00+00:00,18.2
2021-02-05 01:44:00+00:00,18.2
2021-02-05 01:47:00+00:00,18.2
2021-02-05 01:49:00+00:00,18.2
2021-02-05 01:53:00+00:00,18.2
2021-02-05 01:55:00+00:00,18.3
2021-02-05 01:56:00+00:00,18.2
2021-02-05 02:07:00+00:00,18.3
2021-02-05 02:09:00+00:00,18.3
2021-02-05 02:10:00+00:00,18.3
2021-02-05 02:11:00+00:00,18.3
2021-02-05 02:12:00+00:00,18.3
2021-02-05 02:13:00+00:00,18.3
2021-02-05 02:14:00+00:00,18.3
2021-02-05 02:15:00+00:00,18.3
2021-02-05 02:16:00+00:00,18.3
2021-02-05 02:17:00+00:00,18.3
2021-02-05 02:18:00+00:00,18.3
2021-02-05 02:19:00+00:00,18.3
2021-02-05 02:20:00+00:00,18.3
2021-02-05 02:21:00+00:00,18.3
2021-02-05 02:22:00+00:00,18.3
2021-02-05 02:23:00+00:00,18.3
2021-02-05 02:25:00+00:00,18.3
2021-02-05 02:26:00+00:00,18.3
2021-02-05 02:27:00+00:00,18.39
2021-02-05 02:28:00+00:00,18.39
2021-02-05 02:29:00+00:00,18.39
2021-02-05 02:30:00+00:00,18.39
2021-02-05 02:31:00+00:00,18.39
2021-02-05 02:32:00+00:00,18.39
2021-02-05 02:33:00+00:00,18.39
2021-02-05 02:34:00+00:00,18.39
2021-02-05 02:36:00+00:00,18.39
2021-02-05 02:37:00+00:00,18.39
2021-02-05 02:38:00+00:00,18.39
2021-02-05 02:39:00+00:00,18.39
2021-02-05 02:40:00+00:00,18.39
2021-02-05 02:41:00+00:00,18.39
2021-02-05 02:42:00+00:00,18.39
2021-02-05 02:43:00+00:00,18.39
2021-02-05 02:44:00+00:00,18.39
2021-02-05 02:45:00+00:00,18.5
2021-02-05 02:46:00+00:00,18.39
2021-02-05 02:48:00+00:00,18.5
2021-02-05 02:49:00+00:00,18.39
2021-02-05 02:50:00+00:00,18.5
2021-02-05 02:51:00+00:00,18.5
2021-02-05 02:52:00+00:00,18.5
2021-02-05 02:53:00+00:00,18.5
2021-02-05 02:54:00+00:00,18.5
2021-02-05 02:55:00+00:00,18.5
2021-02-05 02:56:00+00:00,18.5
2021-02-05 02:57:00+00:00,18.5
2021-02-05 02:58:00+00:00,18.5
2021-02-05 02:59:00+00:00,18.5
2021-02-05 03:00:00+00:00,18.5
2021-02-05 03:01:00+00:00,18.5
2021-02-05 03:02:00+00:00,18.5
2021-02-05 03:03:00+00:00,18.5
2021-02-05 03:04:00+00:00,18.5
2021-02-05 03:06:00+00:00,18.5
2021-02-05 03:07:00+00:00,18.5
2021-02-05 03:08:00+00:00,18.5
2021-02-05 03:10:00+00:00,18.5
2021-02-05 03:11:00+00:00,18.5
2021-02-05 03:13:00+00:00,18.5
2021-02-05 03:14:00+00:00,18.6
2021-02-05 03:15:00+00:00,18.6
2021-02-05 03:16:00+00:00,18.6
2021-02-05 03:17:00+00:00,18.6
2021-02-05 03:19:00+00:00,18.6
2021-02-05 03:20:00+00:00,18.6
2021-02-05 03:21:00+00:00,18.6
2021-02-05 03:22:00+00:00,18.6
2021-02-05 03:23:00+00:00,18.6
2021-02-05 03:25:00+00:00,18.6
2021-02-05 03:26:00+00:00,18.6
2021-02-05 03:27:00+00:00,18.6
2021-02-05 03:28:00+00:00,18.6
2021-02-05 03:29:00+00:00,18.6
2021-02-05 03:31:00+00:00,18.6
2021-02-05 03:32:00+00:00,18.6
2021-02-05 03:34:00+00:00,18.6
2021-02-05 03:37:00+00:00,18.7
2021-02-05 03:38:00+00:00,18.7
2021-02-05 03:39:00+00:00,18.7
2021-02-05 03:41:00+00:00,18.7
2021-02-05 03:43:00+00:00,18.6
2021-02-05 03:44:00+00:00,18.7
2021-02-05 03:45:00+00:00,18.7
2021-02-05 03:46:00+00:00,18.7
2021-02-05 03:47:00+00:00,18.7
2021-02-05 03:50:00+00:00,18.7
2021-02-05 03:51:00+00:00,18.7
2021-02-05 03:52:00+00:00,18.7
2021-02-05 03:53:00+00:00,18.7
2021-02-05 03:54:00+00:00,18.7
2021-02-05 03:55:00+00:00,18.7
2021-02-05 03:57:00+00:00,18.7
2021-02-05 03:58:00+00:00,18.7
2021-02-05 04:01:00+00:00,18.7
2021-02-05 04:02:00+00:00,18.8
2021-02-05 04:03:00+00:00,18.8
2021-02-05 04:04:00+00:00,18.8
2021-02-05 04:05:00+00:00,18.8
2021-02-05 04:06:00+00:00,18.8
2021-02-05 04:07:00+00:00,18.8
2021-02-05 04:08:00+00:00,18.8
2021-02-05 04:09:00+00:00,18.8
2021-02-05 04:10:00+00:00,18.8
2021-02-05 04:11:00+00:00,18.8
2021-02-05 04:12:00+00:00,18.8
2021-02-05 04:14:00+00:00,18.8
2021-02-05 04:15:00+00:00,18.8
2021-02-05 04:16:00+00:00,18.8
2021-02-05 04:17:00+00:00,18.8
2021-02-05 04:19:00+00:00,18.8
2021-02-05 04:20:00+00:00,18.8
2021-02-05 04:21:00+00:00,18.89
2021-02-05 04:22:00+00:00,18.89
2021-02-05 04:23:00+00:00,18.89
2021-02-05 04:24:00+00:00,18.89
2021-02-05 04:25:00+00:00,18.89
2021-02-05 04:26:00+00:00,18.89
2021-02-05 04:27:00+00:00,18.89
2021-02-05 04:28:00+00:00,18.89
2021-02-05 04:29:00+00:00,18.89
2021-02-05 04:30:00+00:00,18.89
2021-02-05 04:32:00+00:00,18.89
2021-02-05 04:33:00+00:00,18.89
2021-02-05 04:36:00+00:00,18.89
2021-02-05 04:38:00+00:00,18.89
2021-02-05 04:39:00+00:00,19.0
2021-02-05 04:40:00+00:00,19.0
2021-02-05 04:41:00+00:00,19.0
2021-02-05 04:42:00+00:00,19.0
2021-02-05 04:43:00+00:00,19.0
2021-02-05 04:44:00+00:00,19.0
2021-02-05 04:45:00+00:00,19.0
2021-02-05 04:46:00+00:00,19.0
2021-02-05 04:47:00+00:00,19.0
2021-02-05 04:48:00+00:00,19.0
2021-02-05 04:49:00+00:00,19.0
2021-02-05 04:50:00+00:00,19.0
2021-02-05 04:52:00+00:00,19.0
2021-02-05 04:54:00+00:00,19.0
2021-02-05 04:55:00+00:00,19.0
2021-02-05 04:56:00+00:00,19.0
2021-02-05 04:59:00+00:00,19.0
2021-02-05 05:00:00+00:00,19.0
2021-02-05 05:02:00+00:00,19.1
2021-02-05 05:04:00+00:00,19.1
2021-02-05 05:05:00+00:00,19.1
2021-02-05 05:06:00+00:00,19.1
2021-02-05 05:07:00+00:00,19.1
2021-02-05 05:08:00+00:00,19.1
2021-02-05 05:09:00+00:00,19.1
2021-02-05 05:10:00+00:00,19.1
2021-02-05 05:15:00+00:00,19.1
2021-02-05 05:16:00+00:00,19.1
2021-02-05 05:17:00+00:00,19.1
2021-02-05 05:18:00+00:00,19.1
2021-02-05 05:19:00+00:00,19.1
2021-02-05 05:20:00+00:00,19.1
2021-02-05 05:21:00+00:00,19.1
2021-02-05 05:26:00+00:00,19.2
2021-02-05 05:27:00+00:00,19.2
2021-02-05 05:28:00+00:00,19.2
2021-02-05 05:29:00+00:00,19.2
2021-02-05 05:30:00+00:00,19.2
2021-02-05 05:31:00+00:00,19.2
2021-02-05 05:32:00+00:00,19.2
2021-02-05 05:33:00+00:00,19.2
2021-02-05 05:34:00+00:00,19.2
2021-02-05 05:36:00+00:00,19.2
2021-02-05 05:37:00+00:00,19.2
2021-02-05 05:38:00+00:00,19.2
2021-02-05 05:39:00+00:00,19.2
2021-02-05 05:40:00+00:00,19.2
2021-02-05 05:41:00+00:00,19.2
2021-02-05 05:42:00+00:00,19.2
2021-02-05 05:43:00+00:00,19.2
2021-02-05 05:44:00+00:00,19.3
2021-02-05 05:45:00+00:00,19.3
2021-02-05 05:46:00+00:00,19.3
2021-02-05 05:47:00+00:00,19.3
2021-02-05 05:48:00+00:00,19.3
2021-02-05 05:50:00+00:00,19.3
2021-02-05 05:51:00+00:00,19.3
2021-02-05 05:52:00+00:00,19.3
2021-02-05 05:53:00+00:00,19.3
2021-02-05 05:54:00+00:00,19.3
2021-02-05 05:59:00+00:00,19.3
2021-02-05 06:00:00+00:00,19.39
2021-02-05 06:01:00+00:00,19.39
2021-02-05 06:03:00+00:00,19.3
2021-02-05 06:04:00+00:00,19.39
2021-02-05 06:05:00+00:00,19.39
2021-02-05 06:07:00+00:00,19.39
2021-02-05 06:08:00+00:00,19.39
2021-02-05 06:09:00+00:00,19.39
2021-02-05 06:11:00+00:00,19.39
2021-02-05 06:14:00+00:00,
2021-02-05 06:15:00+00:00,19.39
2021-02-05 06:16:00+00:00,19.5
2021-02-05 06:17:00+00:00,19.5
2021-02-05 06:18:00+00:00,19.5
2021-02-05 06:19:00+00:00,19.5
2021-02-05 06:20:00+00:00,19.5
2021-02-05 06:21:00+00:00,19.39
2021-02-05 06:22:00+00:00,19.39
2021-02-05 06:23:00+00:00,19.5
2021-02-05 06:24:00+00:00,19.5
2021-02-05 06:27:00+00:00,19.5
2021-02-05 06:28:00+00:00,19.5
2021-02-05 06:29:00+00:00,19.5
2021-02-05 06:30:00+00:00,19.5
2021-02-05 06:33:00+00:00,19.5
2021-02-05 06:34:00+00:00,19.5
2021-02-05 06:35:00+00:00,19.5
2021-02-05 06:36:00+00:00,19.5
2021-02-05 06:37:00+00:00,19.5
2021-02-05 06:38:00+00:00,19.6
2021-02-05 06:39:00+00:00,19.6
2021-02-05 06:40:00+00:00,19.6
2021-02-05 06:42:00+00:00,19.6
2021-02-05 06:43:00+00:00,19.6
2021-02-05 06:45:00+00:00,19.6
2021-02-05 06:46:00+00:00,19.6
2021-02-05 06:48:00+00:00,19.6
2021-02-05 06:50:00+00:00,19.6
2021-02-05 06:51:00+00:00,19.6
2021-02-05 06:53:00+00:00,19.6
2021-02-05 06:54:00+00:00,19.6
2021-02-05 06:56:00+00:00,19.6
2021-02-05 06:59:00+00:00,19.7
2021-02-05 07:00:00+00:00,19.7
2021-02-05 07:01:00+00:00,19.7
2021-02-05 07:02:00+00:00,19.7
2021-02-05 07:03:00+00:00,19.7
2021-02-05 07:04:00+00:00,19.7
2021-02-05 07:05:00+00:00,19.7
2021-02-05 07:07:00+00:00,19.7
2021-02-05 07:09:00+00:00,19.7
2021-02-05 07:10:00+00:00,19.7
2021-02-05 07:11:00+00:00,19.7
2021-02-05 07:13:00+00:00,19.7
2021-02-05 07:14:00+00:00,19.7
2021-02-05 07:15:00+00:00,19.7
2021-02-05 07:16:00+00:00,19.8
2021-02-05 07:17:00+00:00,19.8
2021-02-05 07:19:00+00:00,19.8
2021-02-05 07:20:00+00:00,19.8
2021-02-05 07:21:00+00:00,19.8
2021-02-05 07:22:00+00:00,19.8
2021-02-05 07:23:00+00:00,19.8
2021-02-05 07:24:00+00:00,19.8
2021-02-05 07:25:00+00:00,19.8
2021-02-05 07:27:00+00:00,19.8
2021-02-05 07:29:00+00:00,19.8
2021-02-05 07:30:00+00:00,19.8
2021-02-05 07:31:00+00:00,19.8
2021-02-05 07:32:00+00:00,19.8
2021-02-05 07:33:00+00:00,19.8
2021-02-05 07:34:00+00:00,19.89
2021-02-05 07:35:00+00:00,19.89
2021-02-05 07:36:00+00:00,19.89
2021-02-05 07:37:00+00:00,19.89
2021-02-05 07:38:00+00:00,19.89
2021-02-05 07:39:00+00:00,19.89
2021-02-05 07:40:00+00:00,19.89
2021-02-05 07:41:00+00:00,19.89
2021-02-05 07:42:00+00:00,19.89
2021-02-05 07:43:00+00:00,19.89
2021-02-05 07:44:00+00:00,19.89
2021-02-05 07:45:00+00:00,19.89
2021-02-05 07:46:00+00:00,19.89
2021-02-05 07:47:00+00:00,19.89
2021-02-05 07:48:00+00:00,19.89
